{
  "sonarr": {
    "title": "sonarr",
    "url": "http://sonarr.lonn.xyz",
    "description": "Auto dowload TV-series.",
    "fontawesome_icon": "fa-television"
  },

  "deluge": {
    "title": "deluge",
    "url": "http://deluge.lonn.xyz ",
    "description": "A torrent client",
    "fontawesome_icon": "fa-download"
  },

  "plexpy": {
    "title": "plexpy",
    "url": "http://plexpy.lonn.xyz",
    "description": "Statistics from plex",
    "fontawesome_icon": "fa-pie-chart"
  },

  "router": {
    "title": "Router",
    "url": "http://router.lonn.xyz",
    "description": "Access to the router",
    "fontawesome_icon": "fa-search"
  },

  "plex": {
    "title": "plex",
    "url": "http://plex.lonn.xyz",
    "description": "A plex server",
    "fontawesome_icon": "fa-film"
  }
}
